-- MySQL dump 10.13  Distrib 5.5.50, for debian-linux-gnu (x86_64)
--
-- Host: localhost    Database: shiyanlou
-- ------------------------------------------------------
-- Server version	5.5.50-0ubuntu0.14.04.1

/*!40101 SET @OLD_CHARACTER_SET_CLIENT=@@CHARACTER_SET_CLIENT */;
/*!40101 SET @OLD_CHARACTER_SET_RESULTS=@@CHARACTER_SET_RESULTS */;
/*!40101 SET @OLD_COLLATION_CONNECTION=@@COLLATION_CONNECTION */;
/*!40101 SET NAMES utf8 */;
/*!40103 SET @OLD_TIME_ZONE=@@TIME_ZONE */;
/*!40103 SET TIME_ZONE='+00:00' */;
/*!40014 SET @OLD_UNIQUE_CHECKS=@@UNIQUE_CHECKS, UNIQUE_CHECKS=0 */;
/*!40014 SET @OLD_FOREIGN_KEY_CHECKS=@@FOREIGN_KEY_CHECKS, FOREIGN_KEY_CHECKS=0 */;
/*!40101 SET @OLD_SQL_MODE=@@SQL_MODE, SQL_MODE='NO_AUTO_VALUE_ON_ZERO' */;
/*!40111 SET @OLD_SQL_NOTES=@@SQL_NOTES, SQL_NOTES=0 */;

--
-- Table structure for table `course`
--

DROP TABLE IF EXISTS `course`;
/*!40101 SET @saved_cs_client     = @@character_set_client */;
/*!40101 SET character_set_client = utf8 */;
CREATE TABLE `course` (
  `id` int(4) NOT NULL,
  `name` varchar(50) DEFAULT NULL,
  PRIMARY KEY (`id`)
) ENGINE=InnoDB DEFAULT CHARSET=gb2312;
/*!40101 SET character_set_client = @saved_cs_client */;

--
-- Dumping data for table `course`
--

LOCK TABLES `course` WRITE;
/*!40000 ALTER TABLE `course` DISABLE KEYS */;
INSERT INTO `course` VALUES (1,'Linux基础入门'),(63,'新手指南之玩转实验楼'),(456,'Spark 大数据动手实验'),(498,'动手实战学Docker (15个实验+54个视频)'),(680,'由浅入深学网络'),(729,'使用 Python 解数学方程'),(742,'Java实现在线协作文档编辑'),(744,'深度学习初探??入门DL主流框架'),(756,'使用Python定制词云'),(757,'Laravel 项目实战：仿新浪微博Web应用');
/*!40000 ALTER TABLE `course` ENABLE KEYS */;
UNLOCK TABLES;

--
-- Table structure for table `user`
--

DROP TABLE IF EXISTS `user`;
/*!40101 SET @saved_cs_client     = @@character_set_client */;
/*!40101 SET character_set_client = utf8 */;
CREATE TABLE `user` (
  `id` int(4) NOT NULL,
  `name` char(20) DEFAULT NULL,
  PRIMARY KEY (`id`)
) ENGINE=InnoDB DEFAULT CHARSET=latin1;
/*!40101 SET character_set_client = @saved_cs_client */;

--
-- Dumping data for table `user`
--

LOCK TABLES `user` WRITE;
/*!40000 ALTER TABLE `user` DISABLE KEYS */;
INSERT INTO `user` VALUES (1,'LOU3016e22'),(2,'LOU591de6e'),(3,'LOU81d7e6a'),(4,'LOU581cefd'),(5,'LOU54272ed'),(6,'LOU2e610ef'),(7,'LOU66bf528'),(8,'LOU961989e'),(9,'LOU4dfc78e'),(10,'LOUdc78719'),(11,'LOU3fd2e0f'),(12,'LOU33bdb5d'),(13,'LOU474c09a'),(14,'LOUae53a87'),(15,'LOU5c386b5'),(16,'LOUdaf1497'),(17,'LOUe7dcc40'),(18,'LOU662a72a'),(19,'LOUdff796e'),(20,'LOUe10d94f'),(21,'LOUbec3b62'),(22,'LOUe4c5715'),(23,'LOU47afaef'),(24,'LOU4f495b0'),(25,'LOUae25050'),(26,'LOU3210bb2'),(27,'LOUe770e5d'),(28,'LOU4729622'),(29,'LOUd0b2ec4'),(30,'LOU3e912fb'),(31,'LOU4323b93'),(32,'LOUcd28a29'),(33,'LOUa9924b3'),(34,'LOU4784b6d'),(35,'LOUb55ef1c'),(36,'LOU6c3b884'),(37,'LOU92726dd'),(38,'LOU5338a8f'),(39,'LOUc3d3cc5'),(40,'LOU56ddeb9'),(41,'LOU8f96f40'),(42,'LOU9023e95'),(43,'LOUdfe4aec'),(44,'LOUb6384a4'),(45,'LOUd671cc0'),(46,'LOU8acbc88'),(47,'LOU4fd86a4'),(48,'LOU2864567'),(49,'LOUd750ed9'),(50,'LOU01a1149'),(51,'LOU56a2ed6'),(52,'LOU6d1a4c1'),(53,'LOU133aae5'),(54,'LOUa7f6059'),(55,'LOU006016d'),(56,'LOUd2661a6'),(57,'LOUcca172d'),(58,'LOUb142068'),(59,'LOU4f6928e'),(60,'LOUff471b3'),(61,'LOU1183cea'),(62,'LOUea75c96'),(63,'LOU0d4d11c'),(64,'LOU04be4e4'),(65,'LOU1890c3c'),(66,'LOUdcc12b1'),(67,'LOUae1a4fa'),(68,'LOU24ea7e6'),(69,'LOU7bc7a69'),(70,'LOU333616e'),(71,'LOUd3db58a'),(72,'LOU2c395da'),(73,'LOU989bc39'),(74,'LOUe5734cf'),(75,'LOU439b7a3'),(76,'LOUb79d5af'),(77,'LOU970ad45'),(78,'LOUd0ca8c5'),(79,'LOU722939e'),(80,'LOUa532a76'),(81,'LOU1ff9903'),(82,'LOUcdc3ce0'),(83,'LOUa8ae1c0'),(84,'LOU6701e7c'),(85,'LOU0a5d640'),(86,'LOU3a8c31c'),(87,'LOU221be30'),(88,'LOUf0c61c0'),(89,'LOU8729977'),(90,'LOUe0e967e'),(91,'LOU987cc9d'),(92,'LOUffe7766'),(93,'LOU595b4cc'),(94,'LOUb090bf7'),(95,'LOUb57018d'),(96,'LOU30bb1a6'),(97,'LOU6631383'),(98,'LOU2b1dedd'),(99,'LOUba5d73e'),(100,'LOUd61321f'),(101,'LOU80454ff'),(102,'LOU9eb45eb'),(103,'LOU0e32c26'),(104,'LOU35668cd'),(105,'LOU19ba311'),(106,'LOU5bff28a'),(107,'LOU0940d74'),(108,'LOU503a5e8'),(109,'LOU0f2c4ba'),(110,'LOUa3c3bf0'),(111,'LOU0059bbb'),(112,'LOU0ac4cdb'),(113,'LOU1d4119d'),(114,'LOU243989c'),(115,'LOUd601762'),(116,'LOUa542921'),(117,'LOUd875b2c'),(118,'LOU7444345'),(119,'LOU71273ad'),(120,'LOU4ad35c9'),(121,'LOUd12e434'),(122,'LOU5f1657f'),(123,'LOU9ddf1ac'),(124,'LOUfd26fd1'),(125,'LOU200c37d'),(126,'LOU35b7d24'),(127,'LOU76556de'),(128,'LOU800ee7a'),(129,'LOU7e5a8cb'),(130,'LOUfcc965d'),(131,'LOU8cb0617'),(132,'LOU6de2988'),(133,'LOUb564141'),(134,'LOU524301f'),(135,'LOU9a15e02'),(136,'LOU6bdf4ed'),(137,'LOU3c01ccf'),(138,'LOUfd6e221'),(139,'LOU31633af'),(140,'LOU695bf4b'),(141,'LOU8517db5'),(142,'LOU2c52a7c'),(143,'LOU5ed5bc1'),(144,'LOUc6ea74c'),(145,'LOU046897e'),(146,'LOU7250a12'),(147,'LOU6049f71'),(148,'LOU00f4c50'),(149,'LOUc2eecd1'),(150,'LOU988a00f'),(151,'LOU1e5c093'),(152,'LOU4b3871e'),(153,'LOUf0b7ef8'),(154,'LOUf268d61'),(155,'LOU36a63a5'),(156,'LOU145d8de'),(157,'LOU7239de2'),(158,'LOUa6c0810'),(159,'LOU04181f7'),(160,'LOU7b31225'),(161,'LOUc9ad821'),(162,'LOU50eae90'),(163,'LOU409cd52'),(164,'LOU65c910d'),(165,'LOUaba6e91'),(166,'LOU8c193de'),(167,'LOU0ad34f9'),(168,'LOUc139240'),(169,'LOUd2dac61'),(170,'LOUaa53122'),(171,'LOU67f8098'),(172,'LOU211ae33'),(173,'LOUa6f40b5'),(174,'LOUacc8acc'),(175,'LOU96449e0'),(176,'LOUebc176a'),(177,'LOUa93e5fd'),(178,'LOUfa437c8'),(179,'LOUf037896'),(180,'LOU6bf21ea'),(181,'LOUdcec56b'),(182,'LOU91d9473'),(183,'LOU6c9aad2'),(184,'LOU466a737'),(185,'LOUb8290ce'),(186,'LOUf1b3217'),(187,'LOUbb7fe3a'),(188,'LOUa5cf450'),(189,'LOUb865c3f'),(190,'LOU93b782b'),(191,'LOUa11352a'),(192,'LOUc2e0812'),(193,'LOU65a4f61'),(194,'LOUa717172'),(195,'LOUd06eb42'),(196,'LOUb26ac84'),(197,'LOU66409bd'),(198,'LOU896d96b'),(199,'LOU1933797'),(200,'LOUcacb7ad'),(201,'LOUbe5a294'),(202,'LOU13ae2be'),(203,'LOUd8f4f89'),(204,'LOU68a4899'),(205,'LOUd5b15b8'),(206,'LOUad47ca6'),(207,'LOUf30013b'),(208,'LOUfd5f74e'),(209,'LOU816721f'),(210,'LOU5e446a9'),(211,'LOUc2aaaa6'),(212,'LOU72343f9'),(213,'LOUe1001da'),(214,'LOUe9143fb'),(215,'LOUf9b0074'),(216,'LOU96a72e6'),(217,'LOUa23fb29'),(218,'LOU47a6788'),(219,'LOU5bfae7e'),(220,'LOUa870949'),(221,'LOUcb8559e'),(222,'LOU074281f'),(223,'LOUfd451c5'),(224,'LOUea9597e'),(225,'LOU32f99a9'),(226,'LOUad68e0a'),(227,'LOU3adba9c'),(228,'LOUee3bee8'),(229,'LOU6660cbe'),(230,'LOUa2a1066'),(231,'LOU2e5c6b8'),(232,'LOUa2d8309'),(233,'LOU9947389'),(234,'LOUd1964b6'),(235,'LOU09496d6'),(236,'LOUccbc0ee'),(237,'LOUaaaabe4'),(238,'LOUaca7944'),(239,'LOU24711df'),(240,'LOU7405889'),(241,'LOU2d75058'),(242,'LOUfcfb385'),(243,'LOU6e65dce'),(244,'LOUae9d159'),(245,'LOU839b2c9'),(246,'LOUd005b31'),(247,'LOU218541a'),(248,'LOU207be40'),(249,'LOU6103895'),(250,'LOU43ff7aa'),(251,'LOUdd17cc4'),(252,'LOUc2af5d0'),(253,'LOU69e1b4b'),(254,'LOU151eb70'),(255,'LOU796f18a'),(256,'LOUd177301'),(257,'LOUbcd988a'),(258,'LOU4749388'),(259,'LOU69cb352'),(260,'LOU8f30e5f'),(261,'LOU1ed8ec4'),(262,'LOU9e3a91f'),(263,'LOU4bc6f30'),(264,'LOUc531eb4'),(265,'LOU29dca98'),(266,'LOUcc1b910'),(267,'LOU55f047f'),(268,'LOUae10204'),(269,'LOUe9e88b5'),(270,'LOUb29a00b'),(271,'LOUb9cfab9'),(272,'LOU36aeade'),(273,'LOU18cc446'),(274,'LOU8e244cf'),(275,'LOU100faf8'),(276,'LOU050ee46'),(277,'LOU4782244'),(278,'LOU8aa9562'),(279,'LOU76ad574'),(280,'LOU6b10291'),(281,'LOUe711f3f'),(282,'LOU8dad6b4'),(283,'LOU762ee25'),(284,'LOUa1e6854'),(285,'LOU4809580'),(286,'LOU30b1e4b'),(287,'LOUeeb53b6'),(288,'LOU50be4f8'),(289,'LOU3072671'),(290,'LOU2290ad3'),(291,'LOU42b7d7f'),(292,'LOUb2d33f0'),(293,'LOU3d80f16'),(294,'LOUda65d5b'),(295,'LOU4d59e68'),(296,'LOU8195f31'),(297,'LOU83b69e4'),(298,'LOUdeee675'),(299,'LOU67ff8d1'),(300,'LOUbf61362'),(301,'LOUbc3d816'),(302,'LOUb9e339a'),(303,'LOU9339341'),(304,'LOUa26c906'),(305,'LOUf8c8993'),(306,'LOUd8dfb96'),(307,'LOUdf82d1f'),(308,'LOUd7e9c75'),(309,'LOUbc084ed'),(310,'LOU646ee09'),(311,'LOU11128f4'),(312,'LOU257200e'),(313,'LOU1651d7e'),(314,'LOUa2a9e96'),(315,'LOU3999b7d'),(316,'LOUd259922'),(317,'LOU5790016'),(318,'LOU102c56e'),(319,'LOU648a2bd'),(320,'LOU98a1207'),(321,'LOUbab3fd7'),(322,'LOUf564362'),(323,'LOU5e38d6b'),(324,'LOU1149293'),(325,'LOU4e72b54'),(326,'LOUab44b9f'),(327,'LOU95b5e1b'),(328,'LOU88243d2'),(329,'LOUa1d3bb4'),(330,'LOU531891e'),(331,'LOU6244e1f'),(332,'LOUc2a5ba5'),(333,'LOU58d1784'),(334,'LOU074fdbe'),(335,'LOUdff82dc'),(336,'LOU5cf295a'),(337,'LOU0147af3'),(338,'LOU3ec84e1'),(339,'LOU41b7874'),(340,'LOU31922ac'),(341,'LOUc851ee8'),(342,'LOUe29deac'),(343,'LOUf67d305'),(344,'LOU3e813f0'),(345,'LOU614b07b'),(346,'LOU34aa01d'),(347,'LOUd6b2f85'),(348,'LOUbdcb5c5'),(349,'LOUce54cd4'),(350,'LOU7d1d00c'),(351,'LOU5e62f68'),(352,'LOU4104793'),(353,'LOU32f07e6'),(354,'LOUdca3b1e'),(355,'LOU99cb658'),(356,'LOUdbc68cf'),(357,'LOUa4c0e12'),(358,'LOUaf7be4b'),(359,'LOU23eb26c'),(360,'LOU7b48761'),(361,'LOU9aa930b'),(362,'LOU07841eb'),(363,'LOU804c337'),(364,'LOU9a53ef7'),(365,'LOUbab874a'),(366,'LOUb6a8fc2'),(367,'LOU49fc23b'),(368,'LOUd7d026e'),(369,'LOUfd8184b'),(370,'LOUf83c2d0'),(371,'LOU760ebff'),(372,'LOU1dd47a4'),(373,'LOU681090e'),(374,'LOU36f0844'),(375,'LOUfa1a343'),(376,'LOU29e733a'),(377,'LOU833de03'),(378,'LOU4202493'),(379,'LOUf7894eb'),(380,'LOUc796bf7'),(381,'LOU9cdd6ea'),(382,'LOUd8c77e1'),(383,'LOUce52214'),(384,'LOU111c384'),(385,'LOU1c003ea'),(386,'LOUef6dfb6'),(387,'LOU89aef9f'),(388,'LOU8fc3217'),(389,'LOU9be3a77'),(390,'LOU1e357a3'),(391,'LOUd6e44d5'),(392,'LOU7ef8027'),(393,'LOU59af7ae'),(394,'LOUdf0efab'),(395,'LOU36ed164'),(396,'LOU3d92ccc'),(397,'LOU033b195'),(398,'LOU3efe784'),(399,'LOU4195e22'),(400,'LOUd68a4b9'),(401,'LOU6e8e110'),(402,'LOU66d13bc'),(403,'LOUecf6efb'),(404,'LOU4e0ac88'),(405,'LOUe70f386'),(406,'LOU3b802e3'),(407,'LOUed777bf'),(408,'LOU6a3578f'),(409,'LOU321e964'),(410,'LOU68e4abd'),(411,'LOUba249bd'),(412,'LOU412f1a9'),(413,'LOUfe73eda'),(414,'LOUfdad2c3'),(415,'LOU0f3e511'),(416,'LOU3e80bc3'),(417,'LOU23fe856'),(418,'LOU01e5068'),(419,'LOU24c0cc8'),(420,'LOU1195b37'),(421,'LOUb0677ad'),(422,'LOUd4cba18'),(423,'LOUdeb98a7'),(424,'LOUbdd518c'),(425,'LOU7f0bd61'),(426,'LOU4e26883'),(427,'LOUf315451'),(428,'LOUf3c718b'),(429,'LOUd7f88cd'),(430,'LOU1e7fc69'),(431,'LOUa67d189'),(432,'LOU26e08a8'),(433,'LOU211159d'),(434,'LOU5fb1ebb'),(435,'LOU59f56b9'),(436,'LOU0d6160e'),(437,'LOU4703608'),(438,'LOUde3fdf6'),(439,'LOUb2ba2a7'),(440,'LOU4b32332'),(441,'LOUfb84013'),(442,'LOU8ef6edf'),(443,'LOU9c3c6b3'),(444,'LOUf3750dd'),(445,'LOU8f3e62b'),(446,'LOUbe0258f'),(447,'LOUaf58cc4'),(448,'LOU73d6009'),(449,'LOUdd95050'),(450,'LOU9b1f83f'),(451,'LOUac8f93a'),(452,'LOU6665390'),(453,'LOUfe1dc5b'),(454,'LOUf031662'),(455,'LOUb8bd6f8'),(456,'LOUfc5e43d'),(457,'LOUc302222'),(458,'LOU9a34c9d'),(459,'LOU8bc6431'),(460,'LOUc677f53'),(461,'LOUed913c9'),(462,'LOU8a69f1c'),(463,'LOUf6c63c8'),(464,'LOUfd19751'),(465,'LOU21cb16e'),(466,'LOU6e169ec'),(467,'LOUea7b140'),(468,'LOU3bb6b2b'),(469,'LOU01eb738'),(470,'LOU5a98b96'),(471,'LOU53c217f'),(472,'LOU402183a'),(473,'LOUccc57c1'),(474,'LOU06c2d2c'),(475,'LOU7195278'),(476,'LOUb7ab873'),(477,'LOUf17275c'),(478,'LOU27b7f22'),(479,'LOU7f709b8'),(480,'LOU678a5ac'),(481,'LOU2eafbde'),(482,'LOU4232520'),(483,'LOUef2d144'),(484,'LOUf7ff206'),(485,'LOU8342519'),(486,'LOU22b9d63'),(487,'LOUa8cb873'),(488,'LOUcc89afb'),(489,'LOU21add8e'),(490,'LOUb2f9f6f'),(491,'LOUe58b2eb'),(492,'LOUfd2fa8f'),(493,'LOUd96abcb'),(494,'LOU7c606b6'),(495,'LOU7b8f6af'),(496,'LOU0407b6d'),(497,'LOU387a1eb'),(498,'LOU4b1e597'),(499,'LOUcdff50d'),(500,'LOUcc2ad08'),(501,'LOUd885c69'),(502,'LOUf82c04b'),(503,'LOU8bed1ce'),(504,'LOU6d440af'),(505,'LOUff4b761'),(506,'LOUcdf573c'),(507,'LOU16e2adf'),(508,'LOU76a750a'),(509,'LOU3788948'),(510,'LOU1603842'),(511,'LOU8871b4e'),(512,'LOUf98b5dd'),(513,'LOUa347325'),(514,'LOU8ad5c51'),(515,'LOU70d96cb'),(516,'LOU5b346d8'),(517,'LOUa258cb8'),(518,'LOU6b4bc6d'),(519,'LOU3d07279'),(520,'LOU433cbf7'),(521,'LOU042e222'),(522,'LOUb0479aa'),(523,'LOU1cc8765'),(524,'LOU30c1f51'),(525,'LOU81ad478'),(526,'LOU63305d6'),(527,'LOU2a6bf10'),(528,'LOUf04fd04'),(529,'LOU260886e'),(530,'LOUec65ec0'),(531,'LOUd0c9bed'),(532,'LOU190107d'),(533,'LOU245a288'),(534,'LOUef68257'),(535,'LOUb2599b7'),(536,'LOUc4cb340'),(537,'LOUc9c23c7'),(538,'LOU2390814'),(539,'LOUde95e63'),(540,'LOUfbab9be'),(541,'LOU92d06a4'),(542,'LOU3bf7384'),(543,'LOU427b082'),(544,'LOUbf57fa3'),(545,'LOUa5532bc'),(546,'LOU896f8e9'),(547,'LOUf451590'),(548,'LOU325574d'),(549,'LOU90a0cf4'),(550,'LOUf868cd2'),(551,'LOU8bdd0f8'),(552,'LOU8e61633'),(553,'LOU61d9246'),(554,'LOU88765db'),(555,'LOU7fa73c9'),(556,'LOU301cbf2'),(557,'LOU79b034d'),(558,'LOU279b0b5'),(559,'LOU736e181'),(560,'LOUa9fbc17'),(561,'LOU67a4e3e'),(562,'LOUc656d2f'),(563,'LOU5ce4693'),(564,'LOU3ecc2fd'),(565,'LOU6e8ee9d'),(566,'LOU618afbd'),(567,'LOU9298020'),(568,'LOUa325bb2'),(569,'LOU506b390'),(570,'LOUf7857aa'),(571,'LOUe5d1010'),(572,'LOU8e02d06'),(573,'LOU2ed47f5'),(574,'LOUc999a6e'),(575,'LOUb41a347'),(576,'LOUf35071d'),(577,'LOUa548425'),(578,'LOU9baa909'),(579,'LOU4cf0ece'),(580,'LOU1df9a17'),(581,'LOUec672c4'),(582,'LOUb2b6ce1'),(583,'LOUb36d287'),(584,'LOU5390402'),(585,'LOU3f292d0'),(586,'LOU5c9cd3d'),(587,'LOU6332d76'),(588,'LOU091023a'),(589,'LOU9f75fb3'),(590,'LOU3a3fe8f'),(591,'LOUc302754'),(592,'LOU05c3478'),(593,'LOU57ee8f9'),(594,'LOUa9760e7'),(595,'LOU2eacf7d'),(596,'LOUaa699b5'),(597,'LOU10ee285'),(598,'LOU4ca6f86'),(599,'LOU1c4da4c'),(600,'LOU02f0964'),(601,'LOU50678ce'),(602,'LOU621f491'),(603,'LOU143c681'),(604,'LOU5d52c5a'),(605,'LOU39689bf'),(606,'LOU1e3b832'),(607,'LOU58ac543'),(608,'LOUe8db153'),(609,'LOUdd8c014'),(610,'LOUde2848a'),(611,'LOUc8023ea'),(612,'LOUcaca902'),(613,'LOU57da625'),(614,'LOUb5fbd40'),(615,'LOU80de307'),(616,'LOU486c4b9'),(617,'LOU16b6deb'),(618,'LOUa48347c'),(619,'LOU2d6ff3a'),(620,'LOU3d52757'),(621,'LOU24cd7b1'),(622,'LOU3000166'),(623,'LOU3726039'),(624,'LOU05ae53e'),(625,'LOUe0dbf7c'),(626,'LOU974ddc8'),(627,'LOU370c595'),(628,'LOU4136b85'),(629,'LOUc760b5d'),(630,'LOU208f560'),(631,'LOU4008620'),(632,'LOU2b823a7'),(633,'LOU6f0f64f'),(634,'LOUff7aa6a'),(635,'LOU4393794'),(636,'LOUc076aa6'),(637,'LOUf48f6ec'),(638,'LOU7a55992'),(639,'LOU72e6399'),(640,'LOU88e2d8c'),(641,'LOUa882d64'),(642,'LOU4a24f38'),(643,'LOU3a7b1aa'),(644,'LOU0b68328'),(645,'LOUd360752'),(646,'LOUcc61bff'),(647,'LOU5d97cd9'),(648,'LOU5e71d6c'),(649,'LOU58ff8a6'),(650,'LOU3bed392'),(651,'LOU511bafd'),(652,'LOUd680478'),(653,'LOU781e888'),(654,'LOUe572eea'),(655,'LOUde470dc'),(656,'LOU4984b80'),(657,'LOUba87d51'),(658,'LOUc62c2c1'),(659,'LOU6523b67'),(660,'LOUa2b8873'),(661,'LOU026e781'),(662,'LOUe2a929c'),(663,'LOU35602e6'),(664,'LOUbdbb6c1'),(665,'LOU14b19a8'),(666,'LOU6726e02'),(667,'LOUd7b2448'),(668,'LOUb868307'),(669,'LOU54ca6b8'),(670,'LOU1b80113'),(671,'LOU2a11310'),(672,'LOU1b09c46'),(673,'LOU2e5cdeb'),(674,'LOUde40561'),(675,'LOUbd5254e'),(676,'LOU4e696f5'),(677,'LOU3858330'),(678,'LOUa108cbe'),(679,'LOUef9c1c2'),(680,'LOUc09f86b'),(681,'LOU90884b7'),(682,'LOUcf14c8e'),(683,'LOUa9573d1'),(684,'LOU7c14f67'),(685,'LOU498038a'),(686,'LOU9a6b9c7'),(687,'LOUba1c234'),(688,'LOUca90605'),(689,'LOU7f7da1a'),(690,'LOUfadc078'),(691,'LOUa36784f'),(692,'LOU5ff86c2'),(693,'LOU5f52481'),(694,'LOU85a6eba'),(695,'LOU50a8495'),(696,'LOUc99c86b'),(697,'LOU5f7e5ee'),(698,'LOUc07be56'),(699,'LOU8961dd9'),(700,'LOUcb791fb'),(701,'LOU43b7c1f'),(702,'LOU2912e4c'),(703,'LOU81ea2af'),(704,'LOU38d6e1e'),(705,'LOUdc3b690'),(706,'LOUc50bddb'),(707,'LOU1bfbd13'),(708,'LOUf2d6514'),(709,'LOU97319e5'),(710,'LOUedc756c'),(711,'LOUe6034b1'),(712,'LOU0fcf670'),(713,'LOU6376505'),(714,'LOUfa11331'),(715,'LOU87c41c8'),(716,'LOU43c783b'),(717,'LOU7dbb740'),(718,'LOU240df61'),(719,'LOUf081075'),(720,'LOUcad014b'),(721,'LOUfe190dd'),(722,'LOUcb2840a'),(723,'LOUa4e8085'),(724,'LOUf00d84b'),(725,'LOU01f74ee'),(726,'LOUa94b0d9'),(727,'LOU735fbe9'),(728,'LOU4ce404d'),(729,'LOU62ed6e7'),(730,'LOU074bdad'),(731,'LOU77a43b4'),(732,'LOU47c6a5a'),(733,'LOU1d72fa4'),(734,'LOU0f70be4'),(735,'LOU2d8c295'),(736,'LOU2b73929'),(737,'LOU1ce2f04'),(738,'LOU1605d3f'),(739,'LOUa2d18c3'),(740,'LOUec2be71'),(741,'LOU4982ab6'),(742,'LOU16eb73b'),(743,'LOU3b7aba6'),(744,'LOUfe7f38c'),(745,'LOU869629c'),(746,'LOU20597a0'),(747,'LOUb4a3621'),(748,'LOU5efd755'),(749,'LOUbd2b310'),(750,'LOUe0d1e8a'),(751,'LOU82526fc'),(752,'LOU406c705'),(753,'LOU42ff535'),(754,'LOU89a39b3'),(755,'LOUfb4b995'),(756,'LOU5267c30'),(757,'LOU63ccc4b'),(758,'LOUd9c843f'),(759,'LOUfb7eb64'),(760,'LOUac9efea'),(761,'LOUe38461b'),(762,'LOU6d60bd4'),(763,'LOU2b520d2'),(764,'LOU3e50594'),(765,'LOUeb55b40'),(766,'LOU5af4bf9'),(767,'LOUa379367'),(768,'LOU44a366f'),(769,'LOU2a224f5'),(770,'LOU0297ce6'),(771,'LOU2c338ed'),(772,'LOU98d65d4'),(773,'LOU4e4b344'),(774,'LOUb573d58'),(775,'LOU842050e'),(776,'LOU304febd'),(777,'LOU3763f43'),(778,'LOU2437115'),(779,'LOU15c8995'),(780,'LOUe3cb303'),(781,'LOUde035b8'),(782,'LOU94edf79'),(783,'LOU8fa1689'),(784,'LOU51834a0'),(785,'LOU8ade450'),(786,'LOU4aea2ef'),(787,'LOU2dda3c8'),(788,'LOU0e9aa56'),(789,'LOU8b0487c'),(790,'LOUc111754'),(791,'LOU3d5d04a'),(792,'LOU5ed373a'),(793,'LOU711174b'),(794,'LOU1b861b9'),(795,'LOUf50de43'),(796,'LOU7f5e1ac'),(797,'LOUdabbd14'),(798,'LOUcce029f'),(799,'LOUfdfce7f'),(800,'LOU2801bac'),(801,'LOU46b75af'),(802,'LOU5cf4a9a'),(803,'LOU41765c1'),(804,'LOUe747441'),(805,'LOUe7baa63'),(806,'LOU4ea6ffe'),(807,'LOU5c8eaa1'),(808,'LOU4236853'),(809,'LOUeb1edc5'),(810,'LOU6a7383b'),(811,'LOUb6bb963'),(812,'LOUb57ddd7'),(813,'LOU2cc03a2'),(814,'LOU276886f'),(815,'LOU49a9ae6'),(816,'LOU6ff5b8e'),(817,'LOU61d72ce'),(818,'LOUe8d25f6'),(819,'LOUeb4c6a6'),(820,'LOUa119f7d'),(821,'LOUb337c8e'),(822,'LOU2300620'),(823,'LOUbb34a2a'),(824,'LOUe42d573'),(825,'LOU3e47442'),(826,'LOU5887b68'),(827,'LOU4257eba'),(828,'LOUb8dc2ef'),(829,'LOU27a5959'),(830,'LOU214f10c'),(831,'LOU0c70d1a'),(832,'LOU2bd22d7'),(833,'LOUafe4b10'),(834,'LOUd482893'),(835,'LOU7e4f07f'),(836,'LOU50b23da'),(837,'LOU268ff37'),(838,'LOU5560365'),(839,'LOUe733a52'),(840,'LOU0768a8a'),(841,'LOU0a0ca7c'),(842,'LOUee9aae5'),(843,'LOU2d0b41e'),(844,'LOU065c64d'),(845,'LOU52bf632'),(846,'LOU2b6104f'),(847,'LOUb8720d9'),(848,'LOUec9faf0'),(849,'LOUd087f66'),(850,'LOUa12b46c'),(851,'LOUe88f239'),(852,'LOUe5c6a52'),(853,'LOU84b9847'),(854,'LOUfd93ce6'),(855,'LOUf0da269'),(856,'LOUc2dcfa0'),(857,'LOUf51e2a5'),(858,'LOU529369a'),(859,'LOU5520cfa'),(860,'LOU35327e7'),(861,'LOUb62dad7'),(862,'LOU9a1abbc'),(863,'LOUd518999'),(864,'LOU42e3428'),(865,'LOUaf0fb08'),(866,'LOU20279d5'),(867,'LOU1180867'),(868,'LOUea5ddcf'),(869,'LOUb6f1621'),(870,'LOU996dafe'),(871,'LOU7e90bfe'),(872,'LOU760d0ac'),(873,'LOU015d6c2'),(874,'LOU59fcd4a'),(875,'LOU12507e2'),(876,'LOUcbd6fea'),(877,'LOU7e9b605'),(878,'LOU2093ebc'),(879,'LOUfe34ceb'),(880,'LOU7134852'),(881,'LOUaedab49'),(882,'LOUc2df9ac'),(883,'LOU8ecb5be'),(884,'LOUd96a873'),(885,'LOU6de08dc'),(886,'LOUd8bb898'),(887,'LOUee1b0af'),(888,'LOUe5ee2fa'),(889,'LOUca65555'),(890,'LOUfd4a009'),(891,'LOU2a1bf0c'),(892,'LOU2beb0e9'),(893,'LOU2d820c8'),(894,'LOUb73f96e'),(895,'LOU37538a1'),(896,'LOU73aea39'),(897,'LOUd5858d9'),(898,'LOU6f7c627'),(899,'LOU3c15e45'),(900,'LOU6a5e8c4'),(901,'LOU998e1ac'),(902,'LOU14cb33d'),(903,'LOU6cadbc5'),(904,'LOU2515abd'),(905,'LOU44d471c'),(906,'LOUe4ee2ce'),(907,'LOUac0a5a6'),(908,'LOUedc977a'),(909,'LOUd1d80db'),(910,'LOUaf6b27d'),(911,'LOUc02c4f2'),(912,'LOU89d24c3'),(913,'LOU13ef6c2'),(914,'LOU1d75b29'),(915,'LOUa630148'),(916,'LOU59d188a'),(917,'LOUfdacd73'),(918,'LOU886a0e1'),(919,'LOU39d5d96'),(920,'LOUd1dc1d9'),(921,'LOUec9bc90'),(922,'LOU274bc3c'),(923,'LOU4ac2ab1'),(924,'LOU1c54e18'),(925,'LOU8d980e9'),(926,'LOUc44e29d'),(927,'LOU997a62f'),(928,'LOUdd4e86a'),(929,'LOUa707c52'),(930,'LOU8af63a4'),(931,'LOUeebc4d6'),(932,'LOUe0e9b7f'),(933,'LOU5a63e2d'),(934,'LOU422e77e'),(935,'LOU35f1600'),(936,'LOU626f70f'),(937,'LOU2c16ab4'),(938,'LOUd2b889b'),(939,'LOU38b35e1'),(940,'LOUfced34a'),(941,'LOU9f21a1d'),(942,'LOU8b63373'),(943,'LOU6f60c8d'),(944,'LOUc42df20'),(945,'LOU0aae284'),(946,'LOUe9838e0'),(947,'LOU0070e5c'),(948,'LOUf7a7a61'),(949,'LOU0bf6c13'),(950,'LOUeec42fa'),(951,'LOU45e7653'),(952,'LOU2d4b522'),(953,'LOU69ea9ad'),(954,'LOU32c8c7c'),(955,'LOUa7b0b79'),(956,'LOU68e3350'),(957,'LOU13ac5d4'),(958,'LOU6023e8e'),(959,'LOUd3699ec'),(960,'LOU09484e9'),(961,'LOU0d52c5f'),(962,'LOUd8cc151'),(963,'LOU33f6e43'),(964,'LOU7705dbf'),(965,'LOU49f9804'),(966,'LOUcccc59b'),(967,'LOU2ada0c7'),(968,'LOUa649f79'),(969,'LOU39b0b27'),(970,'LOU14100f0'),(971,'LOU3361a57'),(972,'LOU5761d32'),(973,'LOU71a8afb'),(974,'LOUe4980df'),(975,'LOUe95540e'),(976,'LOUa4d71fe'),(977,'LOUd0e3168'),(978,'LOUd2f863a'),(979,'LOU1ccc116'),(980,'LOU74925d8'),(981,'LOU96ec5bc'),(982,'LOU4588812'),(983,'LOU8d21ecf'),(984,'LOUa4f9461'),(985,'LOU57ea28f'),(986,'LOU36471a1'),(987,'LOU44accd4'),(988,'LOU8d592e9'),(989,'LOU18b0ad8'),(990,'LOUdde4977'),(991,'LOUaa4e025'),(992,'LOUf1bb37f'),(993,'LOUa3620a1'),(994,'LOU5c0aabb'),(995,'LOU286b4e7'),(996,'LOUb35685b'),(997,'LOU56fa7c7'),(998,'LOU8f0f7e8'),(999,'LOUed22c9b'),(1000,'LOU0fccb24');
/*!40000 ALTER TABLE `user` ENABLE KEYS */;
UNLOCK TABLES;

--
-- Table structure for table `usercourse`
--

DROP TABLE IF EXISTS `usercourse`;
/*!40101 SET @saved_cs_client     = @@character_set_client */;
/*!40101 SET character_set_client = utf8 */;
CREATE TABLE `usercourse` (
  `id` int(11) NOT NULL AUTO_INCREMENT,
  `user_id` int(11) DEFAULT NULL,
  `course_id` int(11) DEFAULT NULL,
  `study_time` int(11) DEFAULT NULL,
  PRIMARY KEY (`id`),
  KEY `user_id` (`user_id`),
  KEY `course_id` (`course_id`),
  CONSTRAINT `usercourse_ibfk_1` FOREIGN KEY (`user_id`) REFERENCES `user` (`id`),
  CONSTRAINT `usercourse_ibfk_2` FOREIGN KEY (`course_id`) REFERENCES `course` (`id`)
) ENGINE=InnoDB AUTO_INCREMENT=128 DEFAULT CHARSET=latin1;
/*!40101 SET character_set_client = @saved_cs_client */;

--
-- Dumping data for table `usercourse`
--

LOCK TABLES `usercourse` WRITE;
/*!40000 ALTER TABLE `usercourse` DISABLE KEYS */;
INSERT INTO `usercourse` VALUES (1,279,742,96),(2,114,744,74),(3,492,680,84),(4,65,498,46),(5,141,729,23),(6,193,729,18),(7,943,63,98),(8,437,498,28),(9,942,742,76),(10,616,1,7),(11,498,1,40),(12,863,757,91),(13,543,757,53),(14,49,757,100),(15,230,456,48),(16,718,680,77),(17,761,757,80),(18,368,744,40),(19,894,742,4),(20,347,63,68),(21,896,756,26),(22,878,757,46),(23,739,757,75),(24,204,680,26),(25,245,498,20),(26,969,63,16),(27,384,729,93),(28,829,729,25),(29,49,756,42),(30,164,680,82),(31,365,742,49),(32,795,498,34),(33,33,680,54),(34,655,456,49),(35,450,729,31),(36,359,757,46),(37,400,63,100),(38,279,63,52),(39,962,756,3),(40,860,498,83),(41,977,757,23),(42,636,680,74),(43,700,498,32),(44,841,498,31),(45,176,498,46),(46,180,498,89),(47,120,742,90),(48,277,729,24),(49,531,1,82),(50,18,456,14),(51,54,729,53),(52,286,680,39),(53,829,742,75),(54,654,744,69),(55,759,680,51),(56,511,1,38),(57,877,63,12),(58,418,729,74),(59,297,456,16),(60,124,456,85),(61,361,756,56),(62,898,729,54),(63,476,756,76),(64,232,1,52),(65,957,680,25),(66,697,456,87),(67,679,757,1),(68,648,742,98),(69,922,756,16),(70,642,757,58),(71,256,680,44),(72,895,680,97),(73,263,456,81),(74,909,63,41),(75,430,757,21),(76,752,744,77),(77,777,498,64),(78,934,680,97),(79,550,756,43),(80,170,757,55),(81,523,498,72),(82,620,729,78),(83,17,680,11),(84,791,729,29),(85,252,742,91),(86,903,456,57),(87,105,744,31),(88,403,742,6),(89,364,1,15),(90,894,756,17),(91,926,63,45),(92,901,456,75),(93,741,680,31),(94,818,63,32),(95,844,63,5),(96,310,1,21),(97,434,742,37),(98,342,498,31),(99,497,456,47),(100,284,498,57);
/*!40000 ALTER TABLE `usercourse` ENABLE KEYS */;
UNLOCK TABLES;
/*!40103 SET TIME_ZONE=@OLD_TIME_ZONE */;

/*!40101 SET SQL_MODE=@OLD_SQL_MODE */;
/*!40014 SET FOREIGN_KEY_CHECKS=@OLD_FOREIGN_KEY_CHECKS */;
/*!40014 SET UNIQUE_CHECKS=@OLD_UNIQUE_CHECKS */;
/*!40101 SET CHARACTER_SET_CLIENT=@OLD_CHARACTER_SET_CLIENT */;
/*!40101 SET CHARACTER_SET_RESULTS=@OLD_CHARACTER_SET_RESULTS */;
/*!40101 SET COLLATION_CONNECTION=@OLD_COLLATION_CONNECTION */;
/*!40111 SET SQL_NOTES=@OLD_SQL_NOTES */;

-- Dump completed on 2017-03-14  9:44:00
